cod_mun, Longitud , Latitud 
5001, 6.29139 ,-75.53611 
5002, 5.75000 ,-75.41667 
5004, 6.66667 ,-76.08333 
5021, 6.36667 ,-75.08333 
5030, 6.05000 ,-75.70000 
5031, 7.00000 ,-74.91667 
5034, 5.58333 ,-75.91667 
5036, 6.13333 ,-75.70000 
5038, 6.86667 ,-75.33333 
5040, 7.16667 ,-75.08333 
5042, 6.55972 ,-75.82806 
5044, 6.33333 ,-75.91667 
5045, 7.88556 ,-76.63472 
5051, 8.50000 ,-76.41667 
5055, 5.73417 ,-75.14639 
5059, 6.16667 ,-75.83333 
5079, 6.45000 ,-75.33333 
5086, 6.66667 ,-75.66667 
5088, 6.33889 ,-75.56222 
5091, 5.75000 ,-75.96667 
5093, 6.20000 ,-75.91667 
5101, 5.83333 ,-76.00000 
5107, 7.11222 ,-75.55417 
5113, 6.75000 ,-75.91667 
5120, 7.66667 ,-75.33333 
5125, 6.45000 ,-75.96667 
5129, 6.08333 ,-75.63333 
5134, 7.08333 ,-75.25000 
5138, 6.75000 ,-76.00000 
5142, 6.41194 ,-74.76056 
5145, 5.58333 ,-75.58333 
5147, 7.76639 ,-76.66111 
5148, 6.08500 ,-75.33861 
5150, 6.80000 ,-75.25000 
5154, 7.91667 ,-75.00000 
5172, 7.66667 ,-76.66667 
5190, 6.58333 ,-75.08333 
5197, 6.00000 ,-75.00000 
5206, 6.41667 ,-75.25000 
5209, 6.08333 ,-75.91667 
5212, 6.33333 ,-75.50000 
5234, 7.00000 ,-76.25000 
5237, 6.50000 ,-75.33333 
5240, 6.33333 ,-75.75000 
5250, 7.59417 ,-74.81194 
5264, 6.58333 ,-75.58333 
5266, 6.17306 ,-75.56389 
5282, 5.91667 ,-75.66667 
5284, 6.66667 ,-76.33333 
5306, 6.66667 ,-75.91667 
5308, 6.41667 ,-75.45000 
5310, 6.75000 ,-75.83333 
5313, 6.16667 ,-75.13333 
5315, 6.81750 ,-75.24417 
5318, 6.25000 ,-75.41667 
5321, 6.25000 ,-75.16667 
5347, 6.23333 ,-75.75000 
5353, 5.80250 ,-75.91167 
5360, 6.17194 ,-75.61139 
5361, 7.25000 ,-76.00000 
5364, 5.58333 ,-75.83333 
5368, 5.75000 ,-75.75000 
5376, 6.00000 ,-75.41667 
5380, 6.16667 ,-75.66667 
5390, 5.75000 ,-75.60000 
5400, 5.91667 ,-75.33333 
5411, 6.75000 ,-75.75000 
5425, 6.50000 ,-74.75000 
5440, 6.20000 ,-75.30000 
5467, 5.91667 ,-75.50000 
5475, 6.80000 ,-76.80000 
5480, 7.33333 ,-76.50000 
5483, 5.60000 ,-75.16667 
5490, 8.42389 ,-76.79111 
5495, 8.09639 ,-74.77583 
5501, 6.66667 ,-75.75000 
5541, 6.25000 ,-75.25000 
5543, 7.00000 ,-75.83333 
5576, 5.80000 ,-75.85000 
5579, 6.41667 ,-74.50000 
5585, 6.19167 ,-74.58667 
5591, 5.87083 ,-74.64556 
5604, 7.00000 ,-74.41667 
5607, 6.08333 ,-75.50000 
5615, 6.16667 ,-75.41667 
5628, 6.91667 ,-75.80000 
5631, 6.15000 ,-75.60000 
5642, 6.00000 ,-76.00000 
5647, 6.91700 ,-75.66700 
5649, 6.20000 ,-74.91667 
5652, 6.11667 ,-75.98333 
5656, 6.45000 ,-75.70000 
5658, 6.85028 ,-75.68333 
5659, 8.76306 ,-76.53000 
5660, 6.00000 ,-74.83333 
5664, 6.45000 ,-75.58333 
5665, 8.27611 ,-76.37861 
5667, 6.30000 ,-75.00000 
5670, 6.41667 ,-74.83333 
5674, 6.33333 ,-75.33333 
5679, 5.86667 ,-75.58333 
5686, 6.66667 ,-75.41667 
5690, 6.47222 ,-75.16472 
5697, 6.13333 ,-75.25000 
5736, 7.25000 ,-74.75000 
5756, 5.75000 ,-75.00000 
5761, 6.50000 ,-75.75000 
5789, 5.66667 ,-75.66667 
5790, 7.58333 ,-75.35000 
5792, 5.83333 ,-75.83333 
5809, 6.08333 ,-75.80000 
5819, 7.00000 ,-75.70000 
5837, 8.00000 ,-76.58333 
5842, 6.89944 ,-76.17417 
5847, 6.33333 ,-76.41667 
5854, 7.33333 ,-75.33333 
5856, 5.66667 ,-75.58333 
5858, 6.77306 ,-74.80167 
5861, 5.91667 ,-75.75000 
5873, 6.59194 ,-76.89861 
5885, 6.83333 ,-74.75000 
5887, 7.00000 ,-75.50000 
5890, 6.66667 ,-75.00000 
5893, 7.00778 ,-73.91417 
5895, 7.75000 ,-74.75000 
8001, 10.96389 ,-74.79639 
8078, 10.80000 ,-74.91667 
8137, 10.41667 ,-74.91667 
8141, 10.50000 ,-74.83333 
8296, 10.91667 ,-74.83333 
8372, 10.83333 ,-75.03333 
8421, 10.61417 ,-75.14611 
8433, 10.85889 ,-74.77306 
8436, 10.50000 ,-75.00000 
8520, 10.74667 ,-74.75556 
8549, 10.75000 ,-75.13333 
8558, 10.75000 ,-74.78333 
8560, 10.64361 ,-74.75444 
8573, 11.01667 ,-74.88333 
8606, 10.55000 ,-75.13333 
8634, 10.80000 ,-74.75000 
8638, 10.63333 ,-74.83333 
8675, 10.32861 ,-74.96444 
8685, 10.75000 ,-74.83333 
8758, 10.91722 ,-74.76667 
8770, 10.33333 ,-74.91667 
8832, 10.91667 ,-74.95000 
8849, 10.75000 ,-74.96667 
11001, 4.60000 ,-74.08333 
13001, 10.39972 ,-75.51444 
13006, 8.25000 ,-74.50000 
13030, 8.79444 ,-74.16583 
13042, 8.46667 ,-73.95000 
13052, 10.16667 ,-75.33333 
13062, 10.24972 ,-75.01139 
13074, 8.83333 ,-74.16667 
13140, 10.25000 ,-75.00000 
13160, 7.37917 ,-73.91806 
13188, 9.41667 ,-74.73333 
13212, 9.50000 ,-74.91667 
13222, 10.58917 ,-75.33417 
13244, 9.75000 ,-75.16667 
13248, 10.08333 ,-74.91667 
13268, 8.98333 ,-73.95000 
13300, 8.95861 ,-74.08083 
13430, 9.24139 ,-74.75333 
13433, 10.16667 ,-75.16667 
13440, 9.08333 ,-74.20000 
13442, 10.00000 ,-75.33333 
13458, 8.29944 ,-74.47556 
13468, 9.25000 ,-74.58333 
13473, 8.41667 ,-74.00000 
13490, 8.53333 ,-74.03333 
13549, 8.91722 ,-74.46639 
13580, 8.66667 ,-73.83333 
13600, 8.59000 ,-73.84361 
13620, 9.88333 ,-75.25000 
13647, 10.39833 ,-75.15111 
13650, 9.08333 ,-74.33333 
13654, 9.83333 ,-75.08333 
13655, 9.83167 ,-75.12639 
13657, 9.95667 ,-75.08667 
13667, 8.83333 ,-73.91667 
13670, 10.05278 ,-75.26806 
13673, 10.58333 ,-75.25000 
13683, 10.45000 ,-75.33333 
13688, 7.96444 ,-74.05444 
13744, 7.58333 ,-74.16667 
13760, 10.33333 ,-75.10000 
13780, 9.30694 ,-74.56861 
13810, 8.55972 ,-74.26694 
13836, 10.35000 ,-75.33333 
13838, 10.25000 ,-75.41667 
13873, 10.45000 ,-75.25000 
13894, 9.75000 ,-74.83333 
15001, 5.53528 ,-73.36778 
15022, 4.91667 ,-73.33333 
15047, 5.51972 ,-72.88750 
15051, 5.80000 ,-73.38333 
15087, 6.08333 ,-72.91667 
15090, 5.33333 ,-73.00000 
15092, 6.00000 ,-72.83333 
15097, 6.41667 ,-72.58333 
15104, 5.50000 ,-72.50000 
15106, 5.75000 ,-73.83333 
15109, 5.50000 ,-73.96667 
15114, 5.91667 ,-72.85000 
15131, 5.55000 ,-73.88333 
15135, 5.08333 ,-73.00000 
15162, 6.00000 ,-72.91667 
15172, 5.25000 ,-73.33333 
15176, 5.63333 ,-73.75000 
15180, 6.75000 ,-72.33333 
15183, 6.16667 ,-72.41667 
15185, 6.08333 ,-73.36667 
15187, 5.53333 ,-73.26667 
15189, 5.46667 ,-73.25000 
15204, 5.75000 ,-73.25000 
15212, 5.43333 ,-74.03333 
15215, 5.86667 ,-72.83333 
15218, 6.58333 ,-72.70000 
15223, 7.04111 ,-72.06083 
15224, 5.53333 ,-73.46667 
15226, 5.65000 ,-72.91667 
15232, 5.60833 ,-73.48861 
15236, 4.88556 ,-73.36889 
15238, 5.82694 ,-73.02028 
15244, 6.41667 ,-72.41667 
15248, 6.58333 ,-72.41667 
15272, 5.75000 ,-72.96667 
15276, 5.91667 ,-72.91667 
15293, 5.75000 ,-73.50000 
15296, 5.85000 ,-72.75000 
15299, 5.13333 ,-73.30000 
15317, 6.50000 ,-72.50000 
15322, 5.08333 ,-73.50000 
15325, 5.00000 ,-73.50000 
15332, 6.75000 ,-72.16667 
15362, 5.66667 ,-72.91667 
15367, 5.38889 ,-73.36806 
15368, 6.20000 ,-72.58333 
15377, 5.58333 ,-72.58333 
15380, 5.15000 ,-73.45000 
15401, 5.52583 ,-74.23611 
15403, 6.33333 ,-72.50000 
15407, 5.63333 ,-73.53333 
15425, 4.91667 ,-73.25000 
15442, 5.58333 ,-74.00000 
15455, 5.25000 ,-73.16667 
15464, 5.83333 ,-72.66667 
15466, 5.75000 ,-72.83333 
15469, 5.91667 ,-73.50000 
15476, 5.57972 ,-73.37139 
15480, 5.51667 ,-74.11667 
15491, 5.83333 ,-72.91667 
15494, 5.41667 ,-73.41667 
15500, 5.60000 ,-73.31667 
15507, 5.75000 ,-74.25000 
15511, 5.13333 ,-73.40000 
15514, 5.10444 ,-73.05556 
15516, 5.83333 ,-73.10000 
15518, 5.41667 ,-72.66667 
15522, 6.50000 ,-72.41667 
15531, 5.75000 ,-73.91667 
15533, 5.66667 ,-72.38167 
15537, 6.08333 ,-72.75000 
15542, 5.58333 ,-73.05000 
15550, 5.74278 ,-72.48944 
15572, 5.97806 ,-74.58972 
15580, 5.52222 ,-74.18083 
15599, 5.41667 ,-73.33333 
15600, 5.61667 ,-73.63333 
15621, 5.41667 ,-73.16667 
15632, 5.75000 ,-73.70000 
15638, 5.66667 ,-73.50000 
15646, 5.50000 ,-73.50000 
15660, 5.21667 ,-73.13333 
15664, 6.08333 ,-73.46667 
15667, 4.82139 ,-73.16750 
15673, 6.50000 ,-72.50000 
15676, 5.55000 ,-73.75000 
15681, 5.75000 ,-74.08333 
15686, 6.05722 ,-73.48222 
15690, 4.86167 ,-73.26417 
15693, 5.91667 ,-73.00000 
15696, 5.75000 ,-73.58333 
15720, 6.16667 ,-72.66667 
15723, 6.13333 ,-72.66667 
15740, 5.58333 ,-73.16667 
15753, 6.41667 ,-72.66667 
15755, 6.08333 ,-72.58333 
15757, 6.00000 ,-72.66667 
15759, 5.72056 ,-72.92972 
15761, 4.98778 ,-73.43611 
15762, 5.56667 ,-73.43333 
15763, 5.83333 ,-73.25000 
15764, 5.50000 ,-73.31667 
15774, 6.26667 ,-72.66667 
15776, 5.66667 ,-73.58333 
15778, 5.01667 ,-73.45000 
15790, 5.91667 ,-72.70000 
15798, 5.15000 ,-73.45000 
15804, 5.33333 ,-73.38333 
15806, 5.83333 ,-72.96667 
15808, 5.63333 ,-73.65000 
15810, 6.42333 ,-72.69528 
15814, 5.66667 ,-73.16667 
15816, 5.95000 ,-73.41667 
15820, 5.83333 ,-72.83333 
15822, 5.50000 ,-73.00000 
15832, 5.73333 ,-73.93333 
15835, 5.33333 ,-73.50000 
15837, 5.75000 ,-73.16667 
15839, 6.16667 ,-72.83333 
15842, 5.23333 ,-73.45000 
15861, 5.41667 ,-73.50000 
15879, 5.50000 ,-73.25000 
15897, 5.35000 ,-73.16667 
17001, 5.07000 ,-75.52056 
17013, 5.63333 ,-75.41667 
17042, 5.25000 ,-75.75000 
17050, 5.30000 ,-75.45000 
17088, 5.00000 ,-75.83333 
17174, 5.00000 ,-75.66667 
17272, 5.30000 ,-75.60000 
17380, 5.53333 ,-74.70000 
17388, 5.40194 ,-75.88472 
17433, 5.25000 ,-75.16667 
17442, 5.50000 ,-75.58333 
17444, 5.33333 ,-75.00000 
17446, 5.33333 ,-75.25000 
17486, 5.16667 ,-75.50000 
17495, 5.56667 ,-74.88333 
17513, 5.50000 ,-75.50000 
17524, 5.08333 ,-75.66667 
17541, 5.50000 ,-75.08333 
17614, 5.37917 ,-75.61611 
17616, 5.16667 ,-75.75000 
17653, 5.41667 ,-75.41667 
17662, 5.58333 ,-74.91667 
17665, 5.08583 ,-75.78833 
17777, 5.50000 ,-75.63333 
17867, 4.52389 ,-76.04111 
17873, 5.00000 ,-75.50000 
17877, 5.08333 ,-75.86667 
18001, 1.61750 ,-75.61750 
18029, 1.33167 ,-75.88222 
18094, 1.41667 ,-75.91667 
18150, 1.35000 ,-74.84000 
18205, 1.03528 ,-75.92472 
18247, 1.67944 ,-75.27917 
18256, 1.56400 ,-75.33200 
18410, 1.58333 ,-75.25000 
18460, 1.34833 ,-75.51167 
18479, 1.48750 ,-75.72500 
18592, 1.91417 ,-75.14500 
18610, 1.36111 ,-75.98833 
18753, 2.15250 ,-74.78889 
18756, 0.71472 ,-75.24861 
18785, 0.90000 ,-75.62300 
18860, 1.19917 ,-75.70972 
19001, 3.27750 ,-75.62139 
19022, 1.91667 ,-76.83333 
19050, 2.26667 ,-77.25000 
19075, 2.10000 ,-77.20000 
19100, 1.83333 ,-76.91667 
19110, 2.91667 ,-76.66667 
19130, 2.66667 ,-76.66667 
19137, 2.83333 ,-76.41667 
19142, 3.08333 ,-76.33333 
19212, 3.16667 ,-76.20000 
19256, 2.50000 ,-77.00000 
19290, 1.69444 ,-77.07583 
19300, 3.13333 ,-76.38333 
19318, 2.41667 ,-77.60000 
19355, 2.66667 ,-76.08333 
19364, 2.85000 ,-76.31667 
19392, 2.25000 ,-76.83333 
19397, 2.08333 ,-76.83333 
19418, 2.43333 ,-76.80000 
19450, 1.75000 ,-77.16667 
19455, 3.25000 ,-76.25000 
19473, 2.80000 ,-76.66667 
19513, 3.06667 ,-76.31667 
19517, 5.10444 ,-73.05556 
19532, 2.11556 ,-76.98917 
19533, 7.78333 ,-75.20000 
19548, 2.75000 ,-76.50000 
19573, 3.25000 ,-76.41667 
19585, 2.34806 ,-76.50083 
19622, 2.33333 ,-76.75000 
19693, 1.91667 ,-76.66667 
19698, 3.01306 ,-76.48667 
19701, 1.50000 ,-76.50000 
19743, 2.75000 ,-76.33333 
19760, 2.25667 ,-76.61861 
19780, 2.95889 ,-76.69528 
19785, 2.03333 ,-76.91667 
19807, 2.41667 ,-76.75000 
19809, 2.75000 ,-77.58333 
19821, 3.00000 ,-76.16667 
19824, 2.58333 ,-76.33333 
19845, 2.51361 ,-76.84778 
20001, 10.47694 ,-73.25056 
20011, 8.33333 ,-73.58333 
20013, 9.91667 ,-73.25000 
20032, 9.50111 ,-73.98028 
20045, 9.70500 ,-73.28472 
20060, 9.97611 ,-73.89028 
20175, 9.25778 ,-73.81778 
20178, 9.50000 ,-73.41667 
20228, 9.20417 ,-73.54861 
20238, 10.15056 ,-73.96500 
20250, 9.66222 ,-73.75194 
20295, 8.33333 ,-73.66667 
20310, 8.40000 ,-73.33333 
20383, 8.58333 ,-73.58333 
20400, 9.56417 ,-73.33750 
20443, 10.39278 ,-73.03250 
20517, 8.96611 ,-73.63167 
20550, 8.69167 ,-73.66639 
20570, 10.36667 ,-73.63333 
20614, 8.00000 ,-73.50000 
20621, 10.16667 ,-73.25000 
20710, 7.75250 ,-73.38917 
20750, 10.33750 ,-73.18250 
20770, 8.00472 ,-73.51528 
20787, 8.83333 ,-73.58333 
23001, 8.75750 ,-75.89000 
23068, 8.25000 ,-75.25000 
23079, 8.75750 ,-75.89000 
23090, 8.67611 ,-76.20417 
23162, 8.91667 ,-76.00000 
23168, 9.08333 ,-75.63333 
23182, 9.08333 ,-75.33333 
23189, 8.83333 ,-75.66667 
23300, 9.05000 ,-75.80000 
23417, 9.16667 ,-75.83333 
23419, 8.90000 ,-76.35972 
23464, 9.23722 ,-75.67806 
23466, 7.75000 ,-75.66667 
23500, 8.25000 ,-76.05000 
23555, 8.33333 ,-75.58333 
23570, 8.23333 ,-74.96667 
23574, 8.95000 ,-76.25000 
23580, 4.60000 ,-74.11667 
23586, 9.30000 ,-75.66667 
23660, 8.83333 ,-75.41667 
23670, 9.16667 ,-75.55000 
23672, 9.35000 ,-75.75000 
23675, 9.25000 ,-76.00000 
23678, 8.70000 ,-75.70000 
23682, 7.76700 ,-75.51700 
23686, 9.00000 ,-75.91667 
23807, 8.17361 ,-76.05917 
23815, 9.18333 ,-75.55000 
23855, 8.30000 ,-76.16667 
25001, 4.41667 ,-74.66667 
25019, 4.91667 ,-74.45000 
25035, 4.61667 ,-74.55000 
25040, 4.83333 ,-74.50000 
25053, 4.30000 ,-74.58333 
25086, 4.80000 ,-74.75000 
25095, 4.91667 ,-74.55000 
25099, 4.75000 ,-74.33333 
25120, 3.97806 ,-74.48583 
25123, 5.26667 ,-74.56667 
25126, 5.00000 ,-74.05000 
25148, 5.41667 ,-74.58333 
25151, 4.45000 ,-73.95000 
25154, 5.35028 ,-73.90528 
25168, 5.00000 ,-74.65000 
25175, 4.91667 ,-74.05000 
25178, 4.50000 ,-74.08333 
25181, 4.58333 ,-73.91667 
25183, 5.16667 ,-73.66667 
25200, 5.15000 ,-73.96667 
25214, 4.83333 ,-74.13333 
25224, 5.25000 ,-73.75000 
25245, 4.58333 ,-74.45000 
25258, 5.33333 ,-74.33333 
25260, 4.85000 ,-74.26667 
25269, 4.81667 ,-74.36667 
25279, 4.58333 ,-73.83333 
25281, 4.33333 ,-73.91667 
25286, 4.78333 ,-74.20000 
25288, 5.41667 ,-73.80000 
25290, 4.41667 ,-74.40000 
25293, 4.66667 ,-73.50000 
25295, 5.08333 ,-73.88333 
25297, 4.91667 ,-73.66667 
25299, 4.75000 ,-73.60000 
25307, 4.30306 ,-74.80083 
25312, 5.06667 ,-74.56667 
25317, 5.41667 ,-73.70000 
25320, 5.25000 ,-74.66667 
25322, 4.83333 ,-73.83333 
25324, 4.58333 ,-74.80000 
25326, 4.96667 ,-73.75000 
25328, 4.88139 ,-74.47028 
25335, 4.21639 ,-73.81333 
25339, 4.25000 ,-74.00000 
25368, 4.66667 ,-74.66667 
25372, 4.75000 ,-73.66667 
25377, 4.75000 ,-73.91667 
25386, 4.66667 ,-74.50000 
25394, 5.41667 ,-74.41667 
25398, 5.25000 ,-74.41667 
25402, 5.00000 ,-74.35000 
25407, 5.33333 ,-73.66667 
25426, 5.08333 ,-73.61667 
25430, 4.83333 ,-74.30000 
25436, 5.08333 ,-73.58333 
25438, 4.50000 ,-73.33333 
25473, 4.75000 ,-74.33333 
25483, 4.45000 ,-74.80000 
25486, 5.13333 ,-73.90000 
25488, 4.33333 ,-74.58333 
25489, 5.20000 ,-74.41667 
25491, 5.11667 ,-74.41667 
25506, 4.13333 ,-74.50000 
25513, 5.25000 ,-74.16667 
25518, 5.41667 ,-74.16667 
25524, 4.25000 ,-74.50000 
25530, 4.37306 ,-73.22139 
25535, 4.33333 ,-74.28333 
25572, 5.50000 ,-74.58333 
25580, 4.75000 ,-74.66667 
25592, 5.15000 ,-74.50000 
25594, 4.33333 ,-73.83333 
25596, 4.75000 ,-74.58333 
25599, 4.58333 ,-74.58333 
25612, 4.27972 ,-74.77611 
25645, 4.13333 ,-74.50000 
25649, 4.20000 ,-74.33333 
25653, 5.33333 ,-74.08333 
25658, 5.00000 ,-74.28333 
25662, 4.91667 ,-74.66667 
25718, 5.00000 ,-74.45000 
25736, 5.08333 ,-73.83333 
25740, 4.49139 ,-74.26056 
25743, 4.50000 ,-74.33333 
25745, 5.58333 ,-73.83333 
25754, 4.58722 ,-74.22139 
25758, 4.91667 ,-73.95000 
25769, 5.00000 ,-74.16667 
25772, 5.16667 ,-73.83333 
25777, 5.08333 ,-74.25000 
25779, 5.50000 ,-73.83333 
25781, 5.25100 ,-73.85600 
25785, 5.00000 ,-74.08333 
25793, 5.25000 ,-73.91667 
25797, 4.70000 ,-74.41667 
25799, 4.91667 ,-74.16667 
25805, 4.38333 ,-74.50000 
25807, 5.13333 ,-73.53333 
25815, 4.50000 ,-74.66667 
25817, 5.00000 ,-73.91667 
25823, 5.41667 ,-74.33333 
25839, 4.83333 ,-73.50000 
25841, 4.58333 ,-74.00000 
25843, 5.35000 ,-73.83333 
25845, 4.33333 ,-74.08333 
25851, 5.25000 ,-74.50000 
25862, 5.16667 ,-74.33333 
25867, 4.91667 ,-74.55000 
25871, 5.27611 ,-74.19889 
25873, 5.28333 ,-73.58333 
25875, 5.08333 ,-74.50000 
25878, 4.50000 ,-74.50000 
25885, 5.66667 ,-74.41667 
25898, 4.83333 ,-74.41667 
25899, 5.02833 ,-74.00583 
27001, 5.69472 ,-76.66111 
27006, 8.33333 ,-77.16667 
27025, 5.66667 ,-77.00000 
27050, 5.53333 ,-76.63333 
27073, 5.50000 ,-76.25000 
27075, 6.21917 ,-77.40778 
27077, 5.00000 ,-77.08333 
27099, 6.52361 ,-76.97444 
27135, 5.33889 ,-76.73139 
27150, 7.15800 ,-76.97100 
27160, 5.40000 ,-76.60000 
27205, 5.16667 ,-76.50000 
27361, 5.15889 ,-76.69167 
27372, 7.00000 ,-77.66667 
27413, 5.58333 ,-76.41667 
27450, 5.10000 ,-76.68300 
27491, 4.91667 ,-76.58333 
27495, 6.00000 ,-77.33333 
27580, 5.10000 ,-76.66667 
27600, 5.70000 ,-76.66667 
27615, 7.41667 ,-77.16667 
27660, 4.91667 ,-76.25000 
27745, 4.58333 ,-76.50000 
27787, 5.33333 ,-76.41667 
27800, 8.04306 ,-77.09611 
27810, 5.28300 ,-76.61700 
41001, 2.93056 ,-75.33028 
41006, 1.75000 ,-75.91667 
41013, 2.33333 ,-75.75000 
41016, 3.25000 ,-75.33333 
41020, 2.58333 ,-75.25000 
41026, 2.16667 ,-75.83333 
41078, 3.16667 ,-75.00000 
41132, 2.66667 ,-75.33333 
41206, 2.50000 ,-75.75000 
41244, 2.08333 ,-76.00000 
41298, 2.25000 ,-75.58333 
41306, 2.50000 ,-75.50000 
41319, 2.08333 ,-75.66667 
41349, 2.58333 ,-75.50000 
41357, 2.75000 ,-75.75000 
41359, 2.08333 ,-76.25000 
41378, 2.25000 ,-76.16667 
41396, 2.41667 ,-76.16667 
41483, 2.65000 ,-75.80000 
41503, 2.08333 ,-76.01667 
41518, 2.45000 ,-75.75000 
41524, 3.00000 ,-75.50000 
41530, 1.75000 ,-76.06667 
41548, 2.33333 ,-75.83333 
41551, 1.75000 ,-76.16667 
41615, 2.83333 ,-75.16667 
41660, 2.01444 ,-76.05028 
41668, 1.91667 ,-76.33333 
41676, 3.00000 ,-75.70000 
41770, 1.91667 ,-75.83333 
41791, 2.16667 ,-75.91667 
41797, 2.66667 ,-75.75000 
41799, 3.08333 ,-75.08333 
41801, 2.91667 ,-75.66667 
41807, 2.00000 ,-75.91667 
41872, 3.33333 ,-75.16667 
41885, 2.66667 ,-75.58333 
44001, 11.54444 ,-72.90722 
44035, 11.15972 ,-72.58556 
44078, 11.00000 ,-72.75000 
44090, 11.27222 ,-73.30556 
44098, 10.89778 ,-72.88694 
44110, 10.65333 ,-72.92417 
44279, 10.83333 ,-72.83333 
44378, 11.06944 ,-72.76694 
44420, 10.51667 ,-73.08333 
44430, 11.38417 ,-72.24417 
44560, 11.77917 ,-72.44944 
44650, 10.83333 ,-73.08333 
44847, 11.91667 ,-72.00000 
44855, 10.56667 ,-73.01667 
44874, 10.58333 ,-73.00000 
47001, 11.24722 ,-74.20167 
47030, 10.18694 ,-74.57528 
47053, 10.58333 ,-74.00000 
47058, 10.25000 ,-74.00000 
47161, 10.25000 ,-74.83333 
47170, 10.02806 ,-74.64361 
47189, 10.83333 ,-74.08333 
47205, 9.84028 ,-74.44472 
47245, 9.04556 ,-73.97472 
47258, 10.33333 ,-74.66667 
47268, 10.61667 ,-74.26667 
47288, 10.41667 ,-73.91667 
47318, 9.25000 ,-74.16667 
47460, 9.80306 ,-74.39028 
47541, 10.16667 ,-74.75000 
47545, 9.33028 ,-74.44972 
47551, 10.41667 ,-74.33333 
47555, 9.83333 ,-74.33333 
47570, 10.98333 ,-74.33333 
47605, 10.66667 ,-74.58333 
47660, 10.03300 ,-74.21700 
47675, 10.50000 ,-74.70000 
47692, 9.33333 ,-74.33333 
47703, 9.33333 ,-74.30000 
47707, 9.31667 ,-74.58333 
47720, 10.60000 ,-74.16700 
47745, 10.91667 ,-74.58333 
47798, 10.00000 ,-74.66667 
47960, 10.17100 ,-74.71900 
50001, 4.15333 ,-73.63500 
50006, 3.91667 ,-73.83333 
50110, 4.57556 ,-72.96111 
50124, 4.29028 ,-72.79056 
50150, 3.80000 ,-73.58333 
50223, 3.77139 ,-73.83778 
50226, 4.25000 ,-73.33333 
50245, 4.41667 ,-73.66667 
50251, 3.56806 ,-73.78389 
50270, 2.77917 ,-72.87194 
50287, 3.45944 ,-73.61278 
50313, 3.53861 ,-73.70056 
50318, 3.91667 ,-74.00000 
50325, 2.89111 ,-72.13222 
50330, 3.37806 ,-74.04472 
50350, 2.85361 ,-73.94361 
50370, 3.25400 ,-74.35800 
50400, 3.51361 ,-74.05167 
50450, 2.67944 ,-72.76083 
50568, 4.31417 ,-72.08250 
50573, 4.08333 ,-72.96667 
50577, 3.00000 ,-72.50000 
50590, 2.93833 ,-73.20833 
50606, 4.16667 ,-73.41667 
50680, 3.71222 ,-73.24361 
50683, 3.34639 ,-73.88944 
50686, 4.45861 ,-73.67306 
50689, 3.70000 ,-73.70000 
50711, 3.08639 ,-73.75139 
52001, 1.21467 ,-77.27865 
52019, 1.47444 ,-77.08361 
52022, 0.91667 ,-77.68333 
52036, 1.25000 ,-77.50000 
52051, 1.50333 ,-77.08778 
52079, 1.58333 ,-78.00000 
52083, 1.59750 ,-77.01750 
52110, 1.25000 ,-77.08333 
52203, 1.58333 ,-77.00000 
52207, 1.20841 ,-77.46323 
52210, 0.91667 ,-77.53333 
52215, 0.78333 ,-77.33333 
52224, 0.86583 ,-77.72944 
52227, 0.91667 ,-77.91667 
52233, 1.65333 ,-77.58333 
52240, 1.35943 ,-77.28367 
52250, 2.33333 ,-78.35000 
52254, 1.43333 ,-77.43333 
52256, 1.83333 ,-77.33333 
52260, 1.40000 ,-77.33333 
52287, 0.95000 ,-77.33333 
52317, 1.00000 ,-77.75000 
52320, 1.15000 ,-77.50000 
52323, 0.83333 ,-77.58333 
52352, 0.95000 ,-77.53333 
52354, 1.05000 ,-77.50000 
52356, 0.83028 ,-77.64444 
52378, 1.55000 ,-76.88333 
52381, 1.25000 ,-77.41667 
52385, 1.47778 ,-77.58389 
52390, 2.41083 ,-78.24278 
52399, 1.58333 ,-77.08333 
52405, 1.93750 ,-77.30806 
52411, 1.38333 ,-77.45000 
52418, 1.51556 ,-77.49500 
52427, 1.91667 ,-77.83333 
52435, 1.08333 ,-77.81667 
52473, 2.35000 ,-78.35000 
52480, 1.50000 ,-78.00000 
52490, 1.26667 ,-77.48333 
52506, 1.03333 ,-77.55000 
52520, 2.10194 ,-78.72167 
52540, 1.63167 ,-77.46167 
52560, 0.75000 ,-77.41667 
52565, 1.57028 ,-77.46944 
52573, 0.91667 ,-77.25000 
52585, 0.91667 ,-77.66667 
52612, 1.16667 ,-78.16667 
52621, 1.91667 ,-78.33333 
52678, 1.41667 ,-77.66667 
52683, 1.25000 ,-77.45000 
52685, 1.51639 ,-77.04667 
52687, 1.50000 ,-77.16667 
52693, 1.66667 ,-76.91667 
52694, 1.56139 ,-77.11806 
52696, 2.33333 ,-77.91667 
52720, 1.03333 ,-77.60000 
52786, 1.58333 ,-77.25000 
52788, 1.08333 ,-77.30000 
52835, 1.79861 ,-78.81556 
52838, 1.16667 ,-77.58333 
52885, 1.08333 ,-77.41667 
54001, 7.88333 ,-72.50528 
54003, 8.00000 ,-73.20000 
54051, 7.66667 ,-72.75000 
54099, 7.66667 ,-72.58333 
54109, 8.08333 ,-73.00000 
54125, 7.25000 ,-72.58333 
54128, 7.75000 ,-73.16667 
54172, 7.75000 ,-72.55000 
54174, 7.16667 ,-72.58333 
54206, 8.83333 ,-73.20000 
54223, 7.50000 ,-72.75000 
54239, 7.75000 ,-72.63333 
54245, 8.75000 ,-73.33333 
54250, 8.58472 ,-73.08833 
54261, 7.93556 ,-72.60500 
54313, 7.91667 ,-72.75000 
54344, 8.50000 ,-73.08333 
54347, 7.50000 ,-72.46667 
54377, 7.33333 ,-72.50000 
54385, 8.16667 ,-72.46667 
54398, 8.25000 ,-73.16667 
54405, 7.83833 ,-72.51333 
54418, 7.96667 ,-72.83333 
54480, 7.33333 ,-72.71667 
54498, 8.25000 ,-73.30000 
54518, 7.37806 ,-72.65250 
54520, 7.50000 ,-72.58333 
54553, 8.36361 ,-72.40750 
54599, 7.58333 ,-72.50000 
54660, 7.80000 ,-72.83333 
54670, 8.75000 ,-73.03333 
54673, 7.88333 ,-72.58333 
54680, 7.91667 ,-72.66667 
54720, 8.25000 ,-72.75000 
54743, 7.20000 ,-72.75000 
54800, 8.75000 ,-73.16667 
54810, 8.64806 ,-72.73944 
54820, 7.30000 ,-72.25000 
54871, 7.91694 ,-72.97639 
54874, 7.83389 ,-72.47417 
63001, 4.53389 ,-75.68111 
63111, 4.36222 ,-75.73944 
63130, 4.53250 ,-75.64361 
63190, 4.61667 ,-75.63333 
63212, 4.39056 ,-75.68889 
63272, 4.66667 ,-75.63333 
63302, 4.25000 ,-75.66667 
63401, 4.45000 ,-75.80000 
63470, 4.50000 ,-75.80000 
63548, 4.33333 ,-75.66667 
63594, 4.63333 ,-75.75000 
63690, 4.66667 ,-75.50000 
66001, 4.81333 ,-75.69611 
66045, 5.16667 ,-76.00000 
66075, 4.91667 ,-75.95000 
66088, 5.25000 ,-75.91667 
66170, 4.83472 ,-75.67250 
66318, 5.33333 ,-75.83333 
66383, 4.96667 ,-76.00000 
66400, 4.91667 ,-75.83333 
66440, 4.91667 ,-75.75000 
66456, 5.41667 ,-76.00000 
66572, 5.25000 ,-76.16667 
66594, 5.33333 ,-75.66667 
66682, 4.86806 ,-75.62139 
66687, 5.08333 ,-76.00000 
68001, 7.12972 ,-73.12583 
68013, 6.25000 ,-73.46667 
68020, 5.83333 ,-73.75000 
68051, 6.83333 ,-72.96667 
68077, 6.00000 ,-73.55000 
68079, 6.75000 ,-73.16667 
68081, 7.06528 ,-73.85472 
68092, 7.08333 ,-73.33333 
68101, 6.25000 ,-74.00000 
68121, 6.63333 ,-73.20000 
68132, 7.41667 ,-72.85000 
68147, 6.60000 ,-72.63333 
68152, 6.83333 ,-72.50000 
68160, 6.83333 ,-72.91667 
68162, 7.00000 ,-72.58333 
68167, 6.25000 ,-73.08333 
68169, 7.30000 ,-72.96667 
68176, 6.41667 ,-73.33333 
68179, 6.13333 ,-73.55000 
68190, 6.31611 ,-73.95056 
68207, 6.91667 ,-72.50000 
68209, 6.41667 ,-73.16667 
68211, 6.33333 ,-73.41667 
68217, 6.33333 ,-73.00000 
68229, 6.66667 ,-73.00000 
68235, 6.69800 ,-73.51100 
68245, 6.33333 ,-73.46667 
68250, 6.55000 ,-72.83333 
68255, 7.47667 ,-73.20806 
68264, 6.16667 ,-73.00000 
68266, 6.75000 ,-72.63333 
68271, 5.80472 ,-73.97417 
68276, 7.06472 ,-73.08972 
68296, 6.70000 ,-73.30000 
68298, 6.00000 ,-73.25000 
68307, 7.07083 ,-73.17306 
68318, 7.00000 ,-72.76667 
68320, 6.30000 ,-73.33333 
68322, 6.38333 ,-73.25000 
68324, 6.00000 ,-73.65000 
68327, 6.08333 ,-73.50000 
68344, 6.58333 ,-73.33333 
68368, 5.91667 ,-73.83333 
68370, 6.75000 ,-73.06667 
68377, 5.86139 ,-73.96833 
68385, 6.22389 ,-73.81278 
68397, 6.25000 ,-73.46667 
68406, 7.41667 ,-73.41667 
68418, 6.91667 ,-73.08333 
68425, 6.58333 ,-72.53333 
68432, 6.78333 ,-72.66667 
68444, 7.41667 ,-73.08333 
68464, 6.58333 ,-72.91667 
68468, 6.75000 ,-72.75000 
68498, 6.41667 ,-73.08333 
68500, 6.30000 ,-73.25000 
68502, 6.33333 ,-72.75000 
68522, 6.58333 ,-73.25000 
68524, 6.45000 ,-73.25000 
68533, 6.50000 ,-73.13333 
68547, 5.83833 ,-74.03667 
68549, 6.58333 ,-73.16667 
68572, 5.91667 ,-73.58333 
68573, 6.65167 ,-74.06083 
68575, 7.58333 ,-73.66667 
68615, 7.21917 ,-73.15583 
68655, 7.39806 ,-73.49694 
68669, 6.83333 ,-72.75000 
68673, 6.16667 ,-73.46667 
68679, 6.58333 ,-73.08333 
68682, 6.43333 ,-72.86667 
68684, 6.66667 ,-72.55000 
68686, 6.70000 ,-72.66667 
68689, 6.88361 ,-73.41389 
68705, 6.99278 ,-72.91028 
68720, 6.33750 ,-73.59194 
68745, 6.44722 ,-73.34139 
68755, 6.53333 ,-73.20000 
68770, 6.16667 ,-73.30000 
68773, 6.08333 ,-73.91667 
68780, 7.50000 ,-72.96667 
68820, 7.25000 ,-72.90000 
68855, 6.50000 ,-73.06667 
68861, 6.08333 ,-73.58333 
68867, 7.33333 ,-72.86667 
68872, 6.67417 ,-73.17778 
68895, 6.83333 ,-73.25000 
70001, 9.30472 ,-75.39778 
70110, 9.32222 ,-74.97722 
70124, 8.83333 ,-75.16667 
70204, 9.49667 ,-75.35556 
70215, 9.33333 ,-75.25000 
70221, 9.41667 ,-75.70000 
70230, 9.54917 ,-75.31611 
70233, 9.10000 ,-75.20000 
70235, 9.16306 ,-75.05250 
70265, 8.46972 ,-75.53833 
70400, 8.86056 ,-75.28056 
70418, 9.38111 ,-75.27139 
70429, 8.50000 ,-74.66667 
70473, 9.41667 ,-75.33333 
70508, 9.50000 ,-75.16667 
70523, 9.33333 ,-75.55000 
70670, 9.16667 ,-75.30000 
70678, 8.75000 ,-74.91667 
70702, 9.27556 ,-75.24556 
70708, 8.58333 ,-75.16667 
70713, 9.83333 ,-75.50000 
70717, 9.41667 ,-75.00000 
70742, 9.16667 ,-75.00000 
70771, 9.00000 ,-75.00000 
70820, 9.50000 ,-75.53333 
73001, 4.43889 ,-75.23222 
73024, 3.41667 ,-74.91667 
73026, 4.58333 ,-75.00000 
73030, 4.83333 ,-74.83333 
73043, 4.66667 ,-75.25000 
73055, 5.08333 ,-74.83333 
73067, 3.33333 ,-75.66667 
73124, 4.41667 ,-75.50000 
73148, 4.15000 ,-74.73333 
73152, 5.08333 ,-75.16667 
73168, 3.75000 ,-75.58333 
73200, 4.33333 ,-74.91667 
73217, 3.83333 ,-75.08333 
73226, 4.08333 ,-74.66667 
73236, 3.66667 ,-74.75000 
73268, 4.20000 ,-74.83333 
73270, 5.13333 ,-75.00000 
73275, 4.25000 ,-74.83333 
73283, 5.16667 ,-75.08333 
73319, 4.08333 ,-74.91667 
73347, 5.08333 ,-75.16667 
73349, 5.25000 ,-74.83333 
73352, 4.16667 ,-74.55000 
73408, 4.91667 ,-74.91667 
73411, 4.91667 ,-75.16667 
73443, 5.25000 ,-74.91667 
73449, 4.25000 ,-74.58333 
73461, 4.87694 ,-75.17389 
73483, 3.58333 ,-75.08333 
73504, 3.91667 ,-75.25000 
73520, 5.13333 ,-75.03333 
73547, 4.50000 ,-74.91667 
73555, 3.25000 ,-75.75000 
73563, 3.75000 ,-74.83333 
73585, 3.91667 ,-74.91667 
73616, 3.50000 ,-75.83333 
73622, 4.08333 ,-75.58333 
73624, 4.25000 ,-75.33333 
73671, 3.93472 ,-75.02028 
73675, 3.91667 ,-75.50000 
73678, 4.16667 ,-75.08333 
73686, 4.75000 ,-75.16667 
73770, 4.08333 ,-74.78333 
73854, 4.25000 ,-75.16667 
73861, 4.75000 ,-74.91667 
73870, 5.00000 ,-75.16667 
73873, 4.00000 ,-74.58333 
76001, 3.43722 ,-76.52250 
76020, 4.66667 ,-75.75000 
76036, 4.17417 ,-76.17028 
76041, 4.79722 ,-75.99500 
76054, 4.70000 ,-76.13333 
76100, 4.33333 ,-76.33333 
76109, 3.89333 ,-77.06972 
76111, 3.90222 ,-76.30278 
76113, 4.20944 ,-76.16028 
76122, 4.33366 ,-75.83425 
76126, 3.91667 ,-76.66667 
76130, 3.41306 ,-76.35111 
76147, 4.74639 ,-75.91167 
76233, 3.66028 ,-76.69278 
76243, 4.91667 ,-76.08333 
76246, 4.75000 ,-76.25000 
76248, 3.66667 ,-76.16667 
76250, 4.50000 ,-76.25000 
76275, 3.32750 ,-76.23861 
76306, 3.75000 ,-76.16667 
76318, 3.76944 ,-76.33806 
76364, 3.16667 ,-76.58333 
76377, 3.66667 ,-76.58333 
76400, 4.53583 ,-76.10667 
76403, 4.52389 ,-76.04111 
76497, 4.58333 ,-75.91667 
76520, 3.53944 ,-76.30361 
76563, 3.42111 ,-76.24472 
76606, 3.78333 ,-76.50000 
76616, 4.08333 ,-76.33333 
76622, 4.41472 ,-76.15472 
76670, 4.00000 ,-76.16667 
76736, 4.26889 ,-75.93611 
76823, 4.61167 ,-76.08139 
76828, 4.25000 ,-76.33333 
76834, 4.08667 ,-76.20000 
76845, 4.71667 ,-75.75000 
76863, 4.66667 ,-76.25000 
76869, 3.69861 ,-76.44917 
76890, 3.91667 ,-76.33333 
76892, 3.58500 ,-76.49583 
76895, 4.39833 ,-76.07722 
81001, 7.09028 ,-70.76167 
81065, 6.82194 ,-71.32361 
81220, 6.30306 ,-70.20167 
81300, 6.74611 ,-71.85667 
81591, 6.27806 ,-71.10000 
81736, 6.92056 ,-71.85333 
81794, 6.46417 ,-71.72889 
85001, 5.33944 ,-72.39417 
85010, 5.17306 ,-72.55472 
85015, 5.00000 ,-72.75000 
85125, 6.15556 ,-71.76556 
85136, 6.18528 ,-72.34444 
85139, 4.83333 ,-72.33333 
85162, 4.91667 ,-72.83333 
85225, 5.64056 ,-72.19861 
85230, 4.79417 ,-71.34000 
85250, 5.88333 ,-71.90000 
85263, 5.67083 ,-71.93000 
85279, 5.33333 ,-72.75000 
85300, 4.85361 ,-73.04306 
85315, 6.08333 ,-72.08333 
85325, 5.28056 ,-71.58194 
85400, 5.82972 ,-72.16333 
85410, 5.01861 ,-72.75528 
85430, 5.43056 ,-71.63111 
85440, 5.28333 ,-71.96667 
86001, 1.14889 ,-76.64778 
86219, 1.19361 ,-76.97694 
86320, 0.69667 ,-76.87472 
86568, 0.51583 ,-76.49500 
86569, 0.68389 ,-76.58583 
86571, 0.97028 ,-76.58583 
86573,-0.20000 ,-74.76667 
86749, 1.18333 ,-76.91667 
86755, 1.17722 ,-76.88306 
86757, 0.33944 ,-76.88306 
86760, 1.15111 ,-77.00750 
86865, 0.45250 ,-76.91917 
86885, 1.03800 ,-76.62700 
88001, 12.50000 ,-81.75000 
91001,-4.21528 ,-69.94056 
91540,-3.77028 ,-70.38306 
94001, 3.86528 ,-67.92389 
95001, 2.56833 ,-72.64167 
95015, 1.95972 ,-72.65389 
95025, 2.33056 ,-72.62778 
95200, 1.33667 ,-71.95111 
97001, 1.19833 ,-70.17333 
97161, 0.91667 ,-70.73333 
97666, 0.49389 ,-69.66694 
99001, 6.18778 ,-67.47306 
99524, 5.49056 ,-70.40917 
99624, 5.12611 ,-70.87583 
99773, 4.44444 ,-69.80028 
